date,town,item,price_pkr_per_kg
2025-04-01,Islamkot,Wheat Flour,125
2025-04-01,Islamkot,Rice,212
2025-04-01,Islamkot,Sugar,150
2025-04-01,Islamkot,Cooking Oil,519
2025-04-01,Mithi,Wheat Flour,134
2025-04-01,Mithi,Rice,221
2025-04-01,Mithi,Sugar,150
2025-04-01,Mithi,Cooking Oil,519
2025-04-01,Diplo,Wheat Flour,132
2025-04-01,Diplo,Rice,210
2025-04-01,Diplo,Sugar,139
2025-04-01,Diplo,Cooking Oil,511
2025-04-01,Chachro,Wheat Flour,130
2025-04-01,Chachro,Rice,221
2025-04-01,Chachro,Sugar,160
2025-04-01,Chachro,Cooking Oil,514
2025-04-08,Islamkot,Wheat Flour,128
2025-04-08,Islamkot,Rice,225
2025-04-08,Islamkot,Sugar,149
2025-04-08,Islamkot,Cooking Oil,526
2025-04-08,Mithi,Wheat Flour,135
2025-04-08,Mithi,Rice,217
2025-04-08,Mithi,Sugar,152
2025-04-08,Mithi,Cooking Oil,530
2025-04-08,Diplo,Wheat Flour,129
2025-04-08,Diplo,Rice,217
2025-04-08,Diplo,Sugar,143
2025-04-08,Diplo,Cooking Oil,515
2025-04-08,Chachro,Wheat Flour,134
2025-04-08,Chachro,Rice,217
2025-04-08,Chachro,Sugar,146
2025-04-08,Chachro,Cooking Oil,526
2025-04-15,Islamkot,Wheat Flour,125
2025-04-15,Islamkot,Rice,223
2025-04-15,Islamkot,Sugar,153
2025-04-15,Islamkot,Cooking Oil,520
2025-04-15,Mithi,Wheat Flour,128
2025-04-15,Mithi,Rice,231
2025-04-15,Mithi,Sugar,150
2025-04-15,Mithi,Cooking Oil,529
2025-04-15,Diplo,Wheat Flour,121
2025-04-15,Diplo,Rice,218
2025-04-15,Diplo,Sugar,150
2025-04-15,Diplo,Cooking Oil,515
2025-04-15,Chachro,Wheat Flour,126
2025-04-15,Chachro,Rice,215
2025-04-15,Chachro,Sugar,151
2025-04-15,Chachro,Cooking Oil,523
2025-04-22,Islamkot,Wheat Flour,124
2025-04-22,Islamkot,Rice,219
2025-04-22,Islamkot,Sugar,145
2025-04-22,Islamkot,Cooking Oil,524
2025-04-22,Mithi,Wheat Flour,135
2025-04-22,Mithi,Rice,231
2025-04-22,Mithi,Sugar,158
2025-04-22,Mithi,Cooking Oil,522
2025-04-22,Diplo,Wheat Flour,130
2025-04-22,Diplo,Rice,220
2025-04-22,Diplo,Sugar,145
2025-04-22,Diplo,Cooking Oil,517
2025-04-22,Chachro,Wheat Flour,126
2025-04-22,Chachro,Rice,219
2025-04-22,Chachro,Sugar,151
2025-04-22,Chachro,Cooking Oil,519
2025-04-29,Islamkot,Wheat Flour,136
2025-04-29,Islamkot,Rice,224
2025-04-29,Islamkot,Sugar,150
2025-04-29,Islamkot,Cooking Oil,519
2025-04-29,Mithi,Wheat Flour,137
2025-04-29,Mithi,Rice,218
2025-04-29,Mithi,Sugar,154
2025-04-29,Mithi,Cooking Oil,518
2025-04-29,Diplo,Wheat Flour,129
2025-04-29,Diplo,Rice,221
2025-04-29,Diplo,Sugar,147
2025-04-29,Diplo,Cooking Oil,511
2025-04-29,Chachro,Wheat Flour,130
2025-04-29,Chachro,Rice,224
2025-04-29,Chachro,Sugar,150
2025-04-29,Chachro,Cooking Oil,529
2025-05-06,Islamkot,Wheat Flour,135
2025-05-06,Islamkot,Rice,227
2025-05-06,Islamkot,Sugar,147
2025-05-06,Islamkot,Cooking Oil,521
2025-05-06,Mithi,Wheat Flour,132
2025-05-06,Mithi,Rice,225
2025-05-06,Mithi,Sugar,156
2025-05-06,Mithi,Cooking Oil,531
2025-05-06,Diplo,Wheat Flour,132
2025-05-06,Diplo,Rice,221
2025-05-06,Diplo,Sugar,147
2025-05-06,Diplo,Cooking Oil,514
2025-05-06,Chachro,Wheat Flour,141
2025-05-06,Chachro,Rice,230
2025-05-06,Chachro,Sugar,147
2025-05-06,Chachro,Cooking Oil,516
2025-05-13,Islamkot,Wheat Flour,126
2025-05-13,Islamkot,Rice,217
2025-05-13,Islamkot,Sugar,148
2025-05-13,Islamkot,Cooking Oil,526
2025-05-13,Mithi,Wheat Flour,130
2025-05-13,Mithi,Rice,230
2025-05-13,Mithi,Sugar,160
2025-05-13,Mithi,Cooking Oil,532
2025-05-13,Diplo,Wheat Flour,136
2025-05-13,Diplo,Rice,218
2025-05-13,Diplo,Sugar,140
2025-05-13,Diplo,Cooking Oil,513
2025-05-13,Chachro,Wheat Flour,133
2025-05-13,Chachro,Rice,225
2025-05-13,Chachro,Sugar,148
2025-05-13,Chachro,Cooking Oil,524
2025-05-20,Islamkot,Wheat Flour,136
2025-05-20,Islamkot,Rice,218
2025-05-20,Islamkot,Sugar,157
2025-05-20,Islamkot,Cooking Oil,513
2025-05-20,Mithi,Wheat Flour,136
2025-05-20,Mithi,Rice,234
2025-05-20,Mithi,Sugar,153
2025-05-20,Mithi,Cooking Oil,534
2025-05-20,Diplo,Wheat Flour,123
2025-05-20,Diplo,Rice,219
2025-05-20,Diplo,Sugar,156
2025-05-20,Diplo,Cooking Oil,516
2025-05-20,Chachro,Wheat Flour,129
2025-05-20,Chachro,Rice,226
2025-05-20,Chachro,Sugar,150
2025-05-20,Chachro,Cooking Oil,531
2025-05-27,Islamkot,Wheat Flour,123
2025-05-27,Islamkot,Rice,223
2025-05-27,Islamkot,Sugar,158
2025-05-27,Islamkot,Cooking Oil,513
2025-05-27,Mithi,Wheat Flour,131
2025-05-27,Mithi,Rice,229
2025-05-27,Mithi,Sugar,157
2025-05-27,Mithi,Cooking Oil,525
2025-05-27,Diplo,Wheat Flour,121
2025-05-27,Diplo,Rice,217
2025-05-27,Diplo,Sugar,142
2025-05-27,Diplo,Cooking Oil,512
2025-05-27,Chachro,Wheat Flour,140
2025-05-27,Chachro,Rice,217
2025-05-27,Chachro,Sugar,149
2025-05-27,Chachro,Cooking Oil,519
2025-06-03,Islamkot,Wheat Flour,139
2025-06-03,Islamkot,Rice,219
2025-06-03,Islamkot,Sugar,152
2025-06-03,Islamkot,Cooking Oil,530
2025-06-03,Mithi,Wheat Flour,142
2025-06-03,Mithi,Rice,225
2025-06-03,Mithi,Sugar,155
2025-06-03,Mithi,Cooking Oil,528
2025-06-03,Diplo,Wheat Flour,133
2025-06-03,Diplo,Rice,222
2025-06-03,Diplo,Sugar,155
2025-06-03,Diplo,Cooking Oil,527
2025-06-03,Chachro,Wheat Flour,140
2025-06-03,Chachro,Rice,219
2025-06-03,Chachro,Sugar,153
2025-06-03,Chachro,Cooking Oil,523
2025-06-10,Islamkot,Wheat Flour,126
2025-06-10,Islamkot,Rice,224
2025-06-10,Islamkot,Sugar,144
2025-06-10,Islamkot,Cooking Oil,521
2025-06-10,Mithi,Wheat Flour,136
2025-06-10,Mithi,Rice,219
2025-06-10,Mithi,Sugar,151
2025-06-10,Mithi,Cooking Oil,520
2025-06-10,Diplo,Wheat Flour,128
2025-06-10,Diplo,Rice,213
2025-06-10,Diplo,Sugar,142
2025-06-10,Diplo,Cooking Oil,521
2025-06-10,Chachro,Wheat Flour,128
2025-06-10,Chachro,Rice,232
2025-06-10,Chachro,Sugar,153
2025-06-10,Chachro,Cooking Oil,524
2025-06-17,Islamkot,Wheat Flour,139
2025-06-17,Islamkot,Rice,220
2025-06-17,Islamkot,Sugar,148
2025-06-17,Islamkot,Cooking Oil,529
2025-06-17,Mithi,Wheat Flour,136
2025-06-17,Mithi,Rice,234
2025-06-17,Mithi,Sugar,162
2025-06-17,Mithi,Cooking Oil,525
2025-06-17,Diplo,Wheat Flour,124
2025-06-17,Diplo,Rice,214
2025-06-17,Diplo,Sugar,154
2025-06-17,Diplo,Cooking Oil,522
2025-06-17,Chachro,Wheat Flour,139
2025-06-17,Chachro,Rice,229
2025-06-17,Chachro,Sugar,160
2025-06-17,Chachro,Cooking Oil,517
2025-06-24,Islamkot,Wheat Flour,127
2025-06-24,Islamkot,Rice,215
2025-06-24,Islamkot,Sugar,156
2025-06-24,Islamkot,Cooking Oil,524
2025-06-24,Mithi,Wheat Flour,132
2025-06-24,Mithi,Rice,226
2025-06-24,Mithi,Sugar,155
2025-06-24,Mithi,Cooking Oil,525
2025-06-24,Diplo,Wheat Flour,135
2025-06-24,Diplo,Rice,215
2025-06-24,Diplo,Sugar,154
2025-06-24,Diplo,Cooking Oil,516
2025-06-24,Chachro,Wheat Flour,134
2025-06-24,Chachro,Rice,230
2025-06-24,Chachro,Sugar,153
2025-06-24,Chachro,Cooking Oil,518
2025-07-01,Islamkot,Wheat Flour,139
2025-07-01,Islamkot,Rice,218
2025-07-01,Islamkot,Sugar,146
2025-07-01,Islamkot,Cooking Oil,515
2025-07-01,Mithi,Wheat Flour,132
2025-07-01,Mithi,Rice,227
2025-07-01,Mithi,Sugar,155
2025-07-01,Mithi,Cooking Oil,533
2025-07-01,Diplo,Wheat Flour,137
2025-07-01,Diplo,Rice,227
2025-07-01,Diplo,Sugar,148
2025-07-01,Diplo,Cooking Oil,524
2025-07-01,Chachro,Wheat Flour,128
2025-07-01,Chachro,Rice,222
2025-07-01,Chachro,Sugar,159
2025-07-01,Chachro,Cooking Oil,517
2025-07-08,Islamkot,Wheat Flour,137
2025-07-08,Islamkot,Rice,223
2025-07-08,Islamkot,Sugar,159
2025-07-08,Islamkot,Cooking Oil,524
2025-07-08,Mithi,Wheat Flour,143
2025-07-08,Mithi,Rice,235
2025-07-08,Mithi,Sugar,154
2025-07-08,Mithi,Cooking Oil,526
2025-07-08,Diplo,Wheat Flour,131
2025-07-08,Diplo,Rice,218
2025-07-08,Diplo,Sugar,143
2025-07-08,Diplo,Cooking Oil,513
2025-07-08,Chachro,Wheat Flour,137
2025-07-08,Chachro,Rice,218
2025-07-08,Chachro,Sugar,148
2025-07-08,Chachro,Cooking Oil,532
2025-07-15,Islamkot,Wheat Flour,141
2025-07-15,Islamkot,Rice,231
2025-07-15,Islamkot,Sugar,150
2025-07-15,Islamkot,Cooking Oil,516
2025-07-15,Mithi,Wheat Flour,146
2025-07-15,Mithi,Rice,222
2025-07-15,Mithi,Sugar,155
2025-07-15,Mithi,Cooking Oil,522
2025-07-15,Diplo,Wheat Flour,124
2025-07-15,Diplo,Rice,219
2025-07-15,Diplo,Sugar,154
2025-07-15,Diplo,Cooking Oil,515
2025-07-15,Chachro,Wheat Flour,134
2025-07-15,Chachro,Rice,218
2025-07-15,Chachro,Sugar,149
2025-07-15,Chachro,Cooking Oil,530
